id,nome,site,setor,setor_detalhado,estagio,localizacao,descricao_curta,ano_fundacao,tamanho_time
startup-01,Traive,https://traive.com.br,agtech,agrofintech (credito agricola),growth - multiplas rodadas (US$10M BASF; US$20M Banco do Brasil),Operacao e fundadores no Brasil (Espirito Santo); sede formal nos EUA,"Fintech que usa IA proprietaria para analisar mais de 2500 pontos de dados agricolas e climaticos, gerando score de credito para produtores rurais e conectando-os a capital e mercado financeiro.",2017,nao encontrado
startup-02,Nagro,https://nagro.com.br/,agtech,agro / fintech de crédito rural,série B,Uberlândia-MG,"Fintech regulada pelo Banco Central como Sociedade de Crédito Direto (Resolução CMN 4.656/2018), especializada em crédito 100% digital para produtores rurais, com linhas de até R$ 150 mil sem garantia real e aprovação em 24h. Opera também a plataforma de análise e monitoramento de risco de crédito AgRisk.",2017,mais de 100 pessoas
startup-03,Datarisk,https://www.datarisk.io/,fintech,fintech / risco de crédito com machine learning,nao encontrado,nao encontrado,"Empresa de inteligência artificial aplicada a gestão de riscos que oferece plataforma de MLOps, Model as a Service e modelos próprios para avaliação de renda, risco de crédito e estabilidade empregatícia. Passou a se chamar WeCogno.",2017,nao encontrado
startup-04,Agrosmart,https://agrosmart.com.br/,agtech,agtech / dados climáticos e agricultura de precisão,nao encontrado,Campinas-SP,"Plataforma de inteligência agrícola que faz monitoramento climático, manejo de irrigação e acompanhamento de indicadores ESG para produtores e agroindústrias, com os produtos BoosterAGRO, BoosterPRO e Plataforma ESG.",2014,nao encontrado
startup-05,Justos,https://www.justos.com.br/,insurtech,insurtech / seguro auto com IA,"growth (rodada de R$ 92 milhões liderada pela Ribbit Capital, após série A)",Barueri-SP,"Seguradora digital de automóveis que usa inteligência artificial, telemetria do celular e design para precificar o risco pelo comportamento ao volante e recompensar motoristas conscientes com descontos e vouchers.",2020,cerca de 90 pessoas
startup-06,Cortex Intelligence,https://www.cortex-intelligence.com/,dados e IA,inteligência de dados B2B / Go-to-Market,série C (aporte de R$ 260 milhões liderado pela Lightrock),São Paulo-SP,"Plataforma SaaS de Go-to-Market Intelligence que combina big data, georreferenciamento e modelos de IA para orientar decisões de vendas, expansão de varejo e reputação de marca, com as soluções Growth, Geofusion, Brand e Reach.",2003,cerca de 500 pessoas
startup-07,Arvo,https://arvo.com.br,healthtech,healthtech,serie A,Rio de Janeiro-RJ,"Plataforma de auditoria de contas medicas baseada em inteligencia artificial que analisa cobrancas de hospitais, clinicas e laboratorios as operadoras de planos de saude e identifica erros, abusos e fraudes antes do pagamento.",2022,nao encontrado
startup-08,Isa Saude,https://isasaude.com,healthtech,healthtech,serie B,Sao Paulo-SP,"Healthtech de ""hospital em casa"" que leva tratamentos de alta complexidade clinica ao domicilio, com plataforma digital que acompanha cada etapa do cuidado e uso de IA para sinalizar sinais precoces de deterioracao do paciente.",2019,nao encontrado
startup-09,Portal Telemedicina,https://portaltelemedicina.com.br,healthtech,healthtech,nao encontrado,Barueri-SP,"Plataforma de telediagnostico que integra equipamentos de clinicas e hospitais a uma central de medicos especialistas, emitindo laudos a distancia em ate 24 horas (minutos em urgencias) com apoio de inteligencia artificial na triagem e na analise dos exames.",2013,nao encontrado
startup-10,Laura,https://laura-br.com,healthtech,healthtech,nao encontrado,Curitiba-PR,"Healthtech curitibana cuja inteligencia artificial se conecta aos prontuarios eletronicos, analisa mais de 90 variaveis clinicas e alerta as equipes assistenciais sobre sepse e deterioracao clinica com horas a dias de antecedencia.",2016,nao encontrado
startup-11,Jusbrasil,https://www.jusbrasil.com.br,legaltech,legaltech,nao encontrado,Salvador-BA,"Empresa de tecnologia que organiza, estrutura e disponibiliza informacoes juridicas publicas e abertas, com busca de jurisprudencia, legislacao e pecas processuais e o assistente de IA generativa Jus IA.",2008,nao encontrado
startup-12,Blip,https://www.blip.ai,CX e atendimento,IA conversacional / atendimento ao cliente (CX),growth,Belo Horizonte-MG,"Plataforma de inteligencia conversacional que orquestra jornadas de atendimento, vendas e pos-venda em canais como WhatsApp, Instagram, RCS e Apple Messages. Combina chatbots, agentes de IA (Studio e BLU) e atendimento humano para marcas enterprise.",1999,nao encontrado
startup-13,Weni,https://github.com/weni-ai,CX e atendimento,IA conversacional / customer experience (open source),adquirida (comprada pela VTEX em 2024),Maceio-AL,Plataforma open source de IA conversacional e hiperautomacao que conecta dados e canais como WhatsApp para atendimento e experiencia do cliente. Foi adquirida pela VTEX em setembro de 2024 e passou a operar como unidade de negocios independente; o dominio weni.ai hoje redireciona para a VTEX.,2012,nao encontrado
startup-14,Tako,https://tako.ai,hrtech,HR tech / folha de pagamento e operacoes de pessoas com IA,serie A,Sao Paulo-SP,"HR tech que usa agentes de IA para operar o ciclo completo de RH, da admissao ao desligamento, com fechamento de folha de pagamento automatizado, camada de legislacao trabalhista (Otto) e um recrutador de IA por voz (Tako Recruiter / Nara).",2022,nao encontrado
startup-15,Gupy,https://www.gupy.io,hrtech,HR tech / recrutamento e selecao,growth,Sao Paulo-SP,"Plataforma de tecnologia para RH que reune recrutamento e selecao, admissao, educacao corporativa, clima e engajamento e performance. Usa agentes de IA proprios para ordenar curriculos por afinidade com a vaga, ignorando dados sensiveis.",2015,mais de 750 pessoas
startup-16,Hand Talk,https://www.handtalk.me,acessibilidade,Acessibilidade digital / traducao automatica para Libras,adquirida (comprada pela Sorenson em janeiro de 2025),Maceio-AL,"Desenvolve tradutores virtuais com avatares 3D (Hugo e Maya) que traduzem textos e audios para Libras e para a Lingua de Sinais Americana, por meio do Hand Talk App e do Hand Talk Plugin de acessibilidade para sites.",2012,100 funcionarios
startup-17,Cobli,https://www.cobli.co/,logtech,"Logistica, telemetria e gestao de frotas",serie B (rodada de R$ 175 milhoes liderada pelo SoftBank em 2021; 2a rodada de investimento),Sao Paulo-SP,"Plataforma de rastreamento, telemetria e videotelemetria para frotas que transforma dados dos veiculos em indicadores de custo, produtividade e seguranca. Usa inteligencia artificial para identificar automaticamente fadiga, distracao e direcao perigosa.",2015,"400 colaboradores (400 Coblers, segundo o site oficial)"
startup-18,Logcomex,https://www.logcomex.com/,logtech,Comercio exterior e inteligencia de dados,"growth (US$ 33 milhoes em rodada de crescimento liderada pela Riverwood Capital, 2023; antes serie A de US$ 10,3 milhoes em 2021)",Curitiba-PR,"Plataforma SaaS que reune big data, tracking e automacao para dar previsibilidade a cadeia de comercio exterior, coletando e analisando informacoes em tempo real. Hoje opera agentes de IA para analise de mercado, rastreio de cargas e classificacao de NCM.",2016,mais de 300 colaboradores (janeiro de 2023)
startup-19,Looqbox,https://looqbox.com/,retailtech,"Varejo, analise de dados e BI conversacional","aporte de R$ 15 milhoes em 2022 liderado pela DGF Investimentos, com HiPartners e Locaweb (serie nao especificada nas fontes)",Sao Paulo-SP,"Plataforma que permite consultar dados corporativos em linguagem natural, entregando insights para a linha de frente do varejo sem exigir conhecimento tecnico. Lancou em 2025 o produto Agente de Dados, baseado em IA.",2013,nao encontrado
startup-20,Semantix,https://www.semantix.ai/,dados e IA,Plataforma de dados e inteligencia artificial,listada (IPO na Nasdaq em 2022; dois anos depois a empresa saiu do pregao americano e passou a ser negociada em mercado OTC),Sao Paulo-SP,"Deep tech brasileira de Big Data, Analytics e IA que desenha, constroi e opera ambientes empresariais em escala. Sua Semantix Intelligent Platform reune suite de IA proprietaria, engenharia de dados e operacoes criticas 24x7.",2010,nao encontrado
startup-21,Aquarela Advanced Analytics,https://aquare.la/,dados e IA,Inteligencia artificial industrial e analytics,nao encontrado,Florianopolis-SC,"Empresa catarinense de IA e analytics que aplica sua metodologia proprietaria de Cultura de Dados (DCM) e a Aquarela Data Platform para otimizar receita, processos e maturidade analitica de grandes industrias e corporacoes.",2012,nao encontrado
startup-22,Contabilizei,https://www.contabilizei.com.br,contabilidade,Contabilidade digital / SaaS B2B para micro e pequenas empresas,"growth (private; aporte de R$ 700 milhoes do Warburg Pincus em 2024, apos SoftBank e Goldman Sachs em 2021)",Curitiba-PR,"Escritorio de contabilidade online que faz abertura de empresas e cuida da contabilidade, impostos e obrigacoes fiscais de micro e pequenos empreendedores. Opera por plataforma online com automacao de processos contabeis, integracao bancaria e fiscal, dashboards em tempo real e atendimento com inteligencia artificial.",2013,mais de 1.200 pessoas
startup-23,Olist,https://olist.com,ecommerce,"E-commerce / SaaS de gestao para varejo (ERP, marketplaces, logistica e pagamentos)","growth (unicornio; avaliacao de US$ 1,2 bilhao em 2021, mais de US$ 300 milhoes captados com SoftBank e Goldman Sachs)",Curitiba-PR,"Ecossistema de solucoes de e-commerce que conecta lojistas aos principais marketplaces e permite criar loja virtual propria. Reune ERP, PDV, mais de 170 integracoes, logistica (Envios da Olist), meios de pagamento e credito, com uma camada de IA chamada Lis.",2015,cerca de 700 colaboradores
startup-24,Nuvemshop,https://www.nuvemshop.com.br,ecommerce,SaaS de e-commerce / plataforma de lojas virtuais,"growth (unicornio; rodada de US$ 500 milhoes em 2021 a um valuation de cerca de US$ 3,1 bilhoes)","Sao Paulo-SP (fundada em Buenos Aires, Argentina)","Plataforma SaaS de criacao e hospedagem de lojas virtuais para pequenos e medios empreendedores, com ecossistema nativo de loja, pagamentos (Nuvem Pago), logistica, marketing e IA. Opera em Brasil, Argentina, Mexico, Chile e Colombia.",2011,nao encontrado
startup-25,Meliuz,https://www.meliuz.com.br,fintech,"Cashback, cupons de desconto e servicos financeiros digitais","listada em bolsa (B3, ticker CASH3; IPO em novembro de 2020)",Belo Horizonte-MG (sede societaria informada no site: Sao Bernardo do Campo-SP),Plataforma de cupons de desconto e cashback que devolve ao consumidor parte do valor gasto em compras online em centenas de lojas parceiras. Tambem oferece servicos financeiros e mantem tesouraria com reserva em bitcoin.,2011,nao encontrado
startup-26,Zenvia,https://www.zenvia.com,CX e atendimento,CPaaS / plataforma de comunicacao e experiencia do cliente (CX),"listada em bolsa (Nasdaq, ticker ZENV; IPO em julho de 2021)",Porto Alegre-RS,"Empresa de tecnologia focada em Customer Experience que oferece comunicacao multicanal entre empresas e consumidores (WhatsApp, SMS, e-mail, Instagram, webchat) e a solucao unificada Zenvia Customer Cloud, com agentes de IA para atracao, vendas, atendimento e pos-venda.",2003,nao encontrado
startup-27,Buser,https://www.buser.com.br,mobilidade,Transporte rodoviario de passageiros / mobilidade (fretamento colaborativo),nao encontrado,Sao Jose dos Campos-SP,"Plataforma que conecta pessoas que querem viajar para o mesmo destino com empresas de fretamento executivo, permitindo o rateio do custo do onibus. Nao possui frota propria e atua como intermediadora entre passageiros e viacoes parceiras.",2017,"250 funcionarios (Projeto Draft, 2021)"
startup-28,QuintoAndar,https://www.quintoandar.com.br,proptech,Proptech / mercado imobiliario (aluguel e venda de imoveis),Unicornio (capitalizacao ultrapassou US$ 1 bilhao em setembro de 2019),Sao Paulo-SP,"Plataforma de aluguel e compra de imoveis com agendamento de visitas online, contrato digital e locacao sem fiador nem deposito caucao. Tambem oferece assessoria de financiamento e consorcio imobiliario.",2013,1.080 funcionarios em dezembro de 2019 (Exame)
startup-29,Hotmart,https://hotmart.com,edtech,"Plataforma de produtos digitais / creator economy (cursos, e-books, mentorias)",Unicornio de atuacao global,Belo Horizonte-MG,"Plataforma para criar, vender e escalar produtos digitais como cursos online, e-books e mentorias, com checkout, protecao contra fraudes e programa de afiliados. Declara mais de 250 mil negocios criados e mais de R$ 50 bilhoes faturados por produtores.",2011,nao encontrado
startup-30,Loggi,https://www.loggi.com,logtech,Logistica e entregas / e-commerce,Unicornio,Sao Paulo-SP,"Empresa de logistica que faz coleta, triagem e entrega de encomendas para pessoas e negocios em todo o Brasil, com malha propria de agencias e entregadores parceiros. Declara cobertura nacional e cerca de 1 milhao de pacotes processados por dia.",2013,"cerca de 3.600 pessoas em 2022, com cortes de quadro em 2022, 2023 e 2025 (Bloomberg Linea e Jornal de Brasilia)"
startup-31,Cuponeria,https://www.cuponeria.com.br,retailtech,Cupons de desconto e cashback / midia de performance para varejo,nao encontrado,Rio de Janeiro-RJ,"Plataforma de cupons de desconto gratuitos e cashback para compras em lojas online e fisicas, com mais de 2 mil marcas parceiras. Declara mais de 7 milhoes de membros e cerca de 1 milhao de cupons distribuidos por mes.",2011 (fontes divergem: Empreendedor indica outubro de 2011 e Projeto Draft indica 2012),nao encontrado
